{
    "name": "e2",
    "size": 24,
    "reduction_size": 5,
    "iterations": 8,
    "lumping_time": 0.6972494125366211,
    "exact_sim_time": 0.07151627540588379,
    "lumped_sim_time": 0.03864860534667969,
    "error_T": 0.017819484063233082,
    "error_relative_T": 0.026300056196354064,
    "max_error": 0.27394057996468746,
    "max_epsilon": 24.355158575662166
}